{
  "network": "ieee57",
  "model": "data/checkpoints/models/agent_ieee57_adaptive_best.pth",
  "timestamp": "2025-07-11 23:46:29",
  "test_configuration": {
    "runs_per_scenario": 1,
    "total_runs": 4,
    "methods_tested": [
      "Agent (PPO)",
      "Spectral Clustering",
      "K-means Clustering"
    ]
  },
  "scenarios": {
    "normal": {
      "best_case": {
        "agent": {
          "cv": 1.0425177812576294,
          "coupling": 0.1469707489013672,
          "reward": 0.6568393537318706,
          "success": true
        },
        "spectral_clustering": {
          "cv": 0.9279860258102417,
          "coupling": 0.13099388778209686,
          "reward": 0.6657742703109276,
          "success": true
        },
        "kmeans_clustering": {
          "cv": 0.8841621279716492,
          "coupling": 0.5858054757118225,
          "reward": 0.5657153370109302,
          "success": true
        }
      },
      "average_performance": {
        "agent": 0.6568393537318706,
        "spectral_clustering": 0.6657742703109276,
        "kmeans_clustering": 0.5657153370109302
      },
      "improvement_analysis": {
        "agent_vs_spectral_pct": -1.3420339261359904,
        "agent_vs_kmeans_pct": 16.10775079961811,
        "best_improvement_over_spectral": -0.008934916579056984
      }
    },
    "high_load": {
      "best_case": {
        "agent": {
          "cv": 1.0425175428390503,
          "coupling": 0.1469707489013672,
          "reward": 0.6674001916588188,
          "success": true
        },
        "spectral_clustering": {
          "cv": 0.9279860258102417,
          "coupling": 0.13099388778209686,
          "reward": 0.6482416951154659,
          "success": true
        },
        "kmeans_clustering": {
          "cv": 0.8841621279716492,
          "coupling": 0.5858054757118225,
          "reward": 0.5657153370109302,
          "success": true
        }
      },
      "average_performance": {
        "agent": 0.6674001916588188,
        "spectral_clustering": 0.6482416951154659,
        "kmeans_clustering": 0.5657153370109302
      },
      "improvement_analysis": {
        "agent_vs_spectral_pct": 2.955455764063486,
        "agent_vs_kmeans_pct": 17.97456211549094,
        "best_improvement_over_spectral": 0.019158496543352888
      }
    },
    "unbalanced": {
      "best_case": {
        "agent": {
          "cv": 0.9282832741737366,
          "coupling": 0.13846902549266815,
          "reward": 0.6836283265342881,
          "success": true
        },
        "spectral_clustering": {
          "cv": 0.7839825749397278,
          "coupling": 0.13099388778209686,
          "reward": 0.6964236131158478,
          "success": true
        },
        "kmeans_clustering": {
          "cv": 0.849144697189331,
          "coupling": 0.5858054757118225,
          "reward": 0.5468361779079072,
          "success": true
        }
      },
      "average_performance": {
        "agent": 0.6836283265342881,
        "spectral_clustering": 0.6964236131158478,
        "kmeans_clustering": 0.5468361779079072
      },
      "improvement_analysis": {
        "agent_vs_spectral_pct": -1.8372850001901433,
        "agent_vs_kmeans_pct": 25.015197266157852,
        "best_improvement_over_spectral": -0.012795286581559706
      }
    },
    "fault": {
      "best_case": {
        "agent": {
          "cv": 0.9813116788864136,
          "coupling": 0.13945308327674866,
          "reward": 0.6741950124229055,
          "success": true
        },
        "spectral_clustering": {
          "cv": 0.7784947156906128,
          "coupling": 0.17966710031032562,
          "reward": 0.6769181064930302,
          "success": true
        },
        "kmeans_clustering": {
          "cv": 0.8906680941581726,
          "coupling": 0.5823957324028015,
          "reward": 0.5353928644148688,
          "success": true
        }
      },
      "average_performance": {
        "agent": 0.6741950124229055,
        "spectral_clustering": 0.6769181064930302,
        "kmeans_clustering": 0.5353928644148688
      },
      "improvement_analysis": {
        "agent_vs_spectral_pct": -0.4022782141598334,
        "agent_vs_kmeans_pct": 25.925289116382537,
        "best_improvement_over_spectral": -0.002723094070124721
      }
    }
  },
  "summary_statistics": {
    "total_comparisons": 4,
    "agent_wins_vs_spectral": 1,
    "agent_win_rate_vs_spectral": 0.25,
    "average_improvement_over_spectral": -0.0013237001718471308,
    "best_improvement_over_spectral": 0.019158496543352888,
    "worst_improvement_over_spectral": -0.012795286581559706
  }
}