{
  "network": "ieee14",
  "model": "data/checkpoints/models/agent_ieee57_adaptive_best.pth",
  "timestamp": "2025-07-12 00:09:45",
  "test_configuration": {
    "runs_per_scenario": 1,
    "total_runs": 4,
    "methods_tested": [
      "Agent (PPO)",
      "Spectral Clustering",
      "K-means Clustering"
    ]
  },
  "scenarios": {
    "normal": {
      "best_case": {
        "agent": {
          "cv": 0.9793373942375183,
          "coupling": 0.2112065702676773,
          "reward": 0.6130060108739812,
          "success": true
        },
        "spectral_clustering": {
          "cv": 0.994776725769043,
          "coupling": 0.1141417846083641,
          "reward": 0.6502677896760262,
          "success": true
        },
        "kmeans_clustering": {
          "cv": 0.397224098443985,
          "coupling": 0.4657391607761383,
          "reward": 0.6047742418714985,
          "success": true
        }
      },
      "average_performance": {
        "agent": 0.6130060108739812,
        "spectral_clustering": 0.6502677896760262,
        "kmeans_clustering": 0.6047742418714985
      },
      "improvement_analysis": {
        "agent_vs_spectral_pct": -5.730220594289219,
        "agent_vs_kmeans_pct": 1.3611308869586007,
        "best_improvement_over_spectral": -0.037261778802044954
      }
    },
    "high_load": {
      "best_case": {
        "agent": {
          "cv": 0.9793373942375183,
          "coupling": 0.2112065702676773,
          "reward": 0.6413177726413604,
          "success": true
        },
        "spectral_clustering": {
          "cv": 0.994776725769043,
          "coupling": 0.1141417846083641,
          "reward": 0.6627520964583699,
          "success": true
        },
        "kmeans_clustering": {
          "cv": 0.397224098443985,
          "coupling": 0.4657391607761383,
          "reward": 0.6047742418714985,
          "success": true
        }
      },
      "average_performance": {
        "agent": 0.6413177726413604,
        "spectral_clustering": 0.6627520964583699,
        "kmeans_clustering": 0.6047742418714985
      },
      "improvement_analysis": {
        "agent_vs_spectral_pct": -3.234138968635593,
        "agent_vs_kmeans_pct": 6.042507805355001,
        "best_improvement_over_spectral": -0.021434323817009493
      }
    },
    "unbalanced": {
      "best_case": {
        "agent": {
          "cv": 0.7447052001953125,
          "coupling": 0.2112065702676773,
          "reward": 0.6611299199341547,
          "success": true
        },
        "spectral_clustering": {
          "cv": 0.7537672519683838,
          "coupling": 0.1141417846083641,
          "reward": 0.681407775809725,
          "success": true
        },
        "kmeans_clustering": {
          "cv": 0.5470388531684875,
          "coupling": 0.4657391607761383,
          "reward": 0.6037732968680454,
          "success": true
        }
      },
      "average_performance": {
        "agent": 0.6611299199341547,
        "spectral_clustering": 0.681407775809725,
        "kmeans_clustering": 0.6037732968680454
      },
      "improvement_analysis": {
        "agent_vs_spectral_pct": -2.9758767944016893,
        "agent_vs_kmeans_pct": 9.499695227270811,
        "best_improvement_over_spectral": -0.020277855875570294
      }
    },
    "fault": {
      "best_case": {
        "agent": {
          "cv": 0.7002649903297424,
          "coupling": 0.3,
          "reward": 0.6217742499790093,
          "success": true
        },
        "spectral_clustering": {
          "cv": 0.994776725769043,
          "coupling": 0.3,
          "reward": 0.5697061125446593,
          "success": true
        },
        "kmeans_clustering": {
          "cv": 0.397224098443985,
          "coupling": 0.3,
          "reward": 0.6710699061819537,
          "success": true
        }
      },
      "average_performance": {
        "agent": 0.6217742499790093,
        "spectral_clustering": 0.5697061125446593,
        "kmeans_clustering": 0.6710699061819537
      },
      "improvement_analysis": {
        "agent_vs_spectral_pct": 9.13947319290319,
        "agent_vs_kmeans_pct": -7.345830255362158,
        "best_improvement_over_spectral": 0.052068137434350015
      }
    }
  },
  "summary_statistics": {
    "total_comparisons": 4,
    "agent_wins_vs_spectral": 1,
    "agent_win_rate_vs_spectral": 0.25,
    "average_improvement_over_spectral": -0.0067264552650686815,
    "best_improvement_over_spectral": 0.052068137434350015,
    "worst_improvement_over_spectral": -0.037261778802044954
  }
}