{
  "total_episodes": 1301,
  "best_reward": 0.976887966470472,
  "mean_reward": 0.4154972601361676,
  "std_reward": 0.6257473485277748,
  "mean_length": 15.187548039969254,
  "training_time": 2021.4448385238647,
  "success_rate": 1.0,
  "mean_load_cv": 1.0,
  "mean_actor_loss": 0.33072764231608465,
  "mean_critic_loss": 0.09600491855436792
}