{
  "total_episodes": 1101,
  "best_reward": 0.976887966470472,
  "mean_reward": 0.41826937148789706,
  "std_reward": 0.6243804384722316,
  "mean_length": 15.095367847411444,
  "training_time": 1651.4290030002594,
  "success_rate": 1.0,
  "mean_load_cv": 1.0,
  "mean_actor_loss": 0.3306733417240056,
  "mean_critic_loss": 0.09486000010828403
}