{
  "total_episodes": 801,
  "best_reward": 0.976887966470472,
  "mean_reward": 0.4341669410355247,
  "std_reward": 0.5792290817993614,
  "mean_length": 14.936329588014981,
  "training_time": 1270.975646495819,
  "success_rate": 1.0,
  "mean_load_cv": 1.0,
  "mean_actor_loss": 0.3294762178324163,
  "mean_critic_loss": 0.0850745172414463
}