{
  "total_episodes": 451,
  "best_reward": 2.428495073865116,
  "mean_reward": -3.8080786551884924,
  "std_reward": 8.547114909569064,
  "mean_length": 144.079822616408,
  "training_time": 5971.166978597641,
  "success_rate": 1.0,
  "mean_actor_loss": 0.023543869687192555,
  "mean_critic_loss": 0.4918314732611179
}