{
  "total_episodes": 301,
  "best_reward": 2.2455985270718926,
  "mean_reward": -3.7364370821120487,
  "std_reward": 8.479620969053412,
  "mean_length": 145.30564784053155,
  "training_time": 4566.120453834534,
  "success_rate": 1.0,
  "mean_actor_loss": 0.028894181444775312,
  "mean_critic_loss": 0.460119504109025
}