{
  "total_episodes": 351,
  "best_reward": 2.2455985270718926,
  "mean_reward": -3.7801542414496727,
  "std_reward": 8.548626875252399,
  "mean_length": 143.7948717948718,
  "training_time": 4948.085540294647,
  "success_rate": 1.0,
  "mean_actor_loss": 0.026718329222473716,
  "mean_critic_loss": 0.4861208999795573
}