{
  "total_episodes": 251,
  "best_reward": 2.2455985270718926,
  "mean_reward": -3.4247017464141805,
  "std_reward": 8.099700802592084,
  "mean_length": 140.4780876494024,
  "training_time": 4164.1536984443665,
  "success_rate": 1.0,
  "mean_actor_loss": 0.030704685864038767,
  "mean_critic_loss": 0.44101320549845696
}