{
  "total_episodes": 151,
  "best_reward": 2.2376397103105172,
  "mean_reward": -3.424874116798468,
  "std_reward": 8.204953924036575,
  "mean_length": 141.9337748344371,
  "training_time": 3296.968104362488,
  "success_rate": 1.0,
  "mean_actor_loss": 0.03868342097848654,
  "mean_critic_loss": 0.4293056182563305
}